sa2_code21,sa2_name21,stop_count_zscore,school_area_1000_zscore,polling_count_zscore,total_businesses_zscore,total_median_zscore,school_enrollment_count_zscore,incidents_count_zscore,final_score_zsum
117031644,Sydney (North) - Millers Point,0.3429372885878963,-0.11416397085825966,14.54075023778747,21.544383575847974,0.0,-1.1338180545713261,6.914142531520577,42.09423160831433
127011592,Badgerys Creek,-1.6116502214225212,16.562865851277436,-0.9874232289953199,-0.7910614349738503,0.0,0.0,-0.6961064927617274,12.476624473124017
117031645,Sydney (South) - Haymarket,-0.8367545813592197,-0.11829733793491376,5.56352495230367,4.155204508148445,0.0,0.0,0.9018939011594271,9.66557144231741
126011496,Pennant Hills - Cheltenham,0.7708647316079286,-0.11673992796676469,0.4683430335155668,0.4799696621355432,0.0,3.1615082730416324,3.9520695579975245,8.71601533033143
121041417,North Sydney - Lavender Bay,-0.32786789236242453,-0.11785274978934977,-0.016912387321395467,3.1563249970493854,0.0,0.18244058059978321,5.729313342111356,8.605445890287355
115021297,Dural - Kenthurst - Wisemans Ferry,6.333921490868348,-0.05777537502860006,1.1962261647710102,1.463993737317009,0.0,-0.4093852544014129,0.02390509157156846,8.550885855097924
115011291,Baulkham Hills (West) - Bella Vista,1.9505566015550444,-0.11711543512531729,0.22571532309708564,2.6548054804713916,0.5374090710828866,1.5974423497390067,-0.21913679343545123,6.629676597384646
102011030,Calga - Kulnura,0.26197804261113344,0.6394356999792772,0.7109707439340479,-0.07265255399897569,0.0,-1.4611684228438238,6.528313539071933,6.606877048753592
115011290,Baulkham Hills - East,1.5341947651031211,-0.11782150679806792,1.6814815856079723,0.46095470416102213,-0.1704043451121509,2.6730673432634626,0.17580626970095578,6.237278815926315
121011399,Chatswood (West) - Lane Cove North,0.7014710921992747,-0.11787528707106211,0.22571532309708564,0.2945738218839627,1.1862380359283375,2.2754574373598064,1.5216507079273274,6.0872311313247325
121031409,Pymble,1.5457603716712303,-0.11698861629320827,0.4683430335155668,0.651104283906233,1.48116029267627,0.1761108925249041,1.573297108491319,5.778787366492315
124011454,Springwood - Winmalee,3.3037325700237954,-0.10726824407797034,0.7109707439340479,0.09016302365786107,0.0,1.3077536255120394,0.2760610472663514,5.581412766316125
125041717,Parramatta - North,-1.0333698930170723,-0.11796814291149396,3.37987555853734,1.4063546459567422,0.0,2.0484326250741427,-0.2373649348109777,5.445959858828681
121021406,Normanhurst - Thornleigh - Westleigh,1.8349005358739547,-0.1171709293971649,0.7109707439340479,0.1911799878975043,0.0,0.6258352302450645,2.0715329727557092,5.317248541309116
121011684,Chatswood - East,-0.061858941295918006,-0.11822497225796232,2.894620137700378,2.448017812498475,0.0,0.0,0.06643742144779691,5.22899145809277
121031408,Lindfield - Roseville,2.0893438803723523,-0.11733025251871536,0.7109707439340479,0.9577204812453853,0.0,1.2549007300867991,0.30340325932964113,5.19900884244951
116011307,Lalor Park - Kings Langley,2.262827978893987,-0.11726370266954568,0.7109707439340479,0.914936825802713,0.0,1.0707068071078172,0.3550496598936328,5.197228312962652
121031410,St Ives,1.2334889943322878,-0.11617197745854031,0.4683430335155668,0.5786097566283713,0.8913157791804053,1.9903049895865026,0.06643742144779691,5.1123279972323905
102011032,Gosford - Springfield,2.378484044575077,-0.11529425914535116,0.7109707439340479,0.6505100664695291,0.0,1.3900395704854678,-0.052045497493125197,4.962664668825645
121021403,Asquith - Mount Colah,2.5288369299604936,-0.11352237439376309,0.22571532309708564,0.20484698894169132,-0.1704043451121509,1.156790564926173,1.096327409165043,4.928590496584572
123021437,Campbelltown - Woodbine,2.6097961759372565,-0.11666697482287512,1.6814815856079723,0.4989846201100643,-1.0551711153559478,0.6757342712353612,0.6011295684632403,4.8952881311750716
127031523,Chipping Norton - Moorebank,1.117832928651198,-0.11668166529256077,-0.016912387321395467,0.8947334329547842,0.0,0.8671018406992062,2.0320386664420687,4.778112816133301
116031319,Rooty Hill - Minchinbury,1.626719617647993,-0.1167361174986603,0.7109707439340479,0.16146911606231512,0.0,1.013528624831409,1.117593574103157,4.513545559080262
122031429,Freshwater - Brookvale,1.4301043059901404,-0.11765683858153267,1.1962261647710102,1.7765521090231995,0.0,0.41980388340774955,-0.210022722747688,4.495006901862879
115031300,Kurrajong Heights - Ebenezer,2.2859591920302047,-0.06592422003707052,1.1962261647710102,0.7657882491900632,0.0,0.5949252534794047,-0.33761971237637334,4.439354927057239
126021724,Ryde - North,0.8980864038571273,-0.1177759795339494,0.953598454352529,0.2933853870105551,0.24248681433495428,1.340773498302659,0.819867264969558,4.430421843293432
125021712,Carlingford - West,0.7130366987673836,-0.11784717217514068,-0.2595400977398766,0.3617203922314902,0.06553346028619492,3.2533942449286277,0.30340325932964113,4.31970078562832
125031481,Granville - Clyde,1.0368736826744351,-0.1179965814362133,-0.5021678081583577,0.9220674350431584,-0.7897410842828088,-0.22529682622367897,3.976373746498226,4.300112564114761
122011418,Balgowlah - Clontarf - Seaforth,1.5341947651031211,-0.11778580797920198,0.22571532309708564,0.7033954183361659,0.0,1.6739260806437959,0.24871883520306168,4.268164614404028
116021632,Schofields - East,0.14632197693004365,-0.11765464341024365,-0.5021678081583577,0.2345578607768805,0.0,4.779693029384475,-0.4773687962554097,4.063381619267389
118011649,Bellevue Hill,0.1116251572257167,-0.11803288385600437,-0.2595400977398766,0.5043325770403984,5.256165179049803,-1.0096506735024477,-0.4348364663791812,4.050062791838409
119031374,South Hurstville - Blakehurst,0.7361679119036016,-0.11785362102464736,0.7109707439340479,0.8002528605188827,0.0,1.152570772876254,0.6375858512142932,3.9196945194224324
121021404,Berowra - Brooklyn - Cowan,0.48172456740520403,-0.09558765318286534,0.22571532309708564,-0.29310722301607944,-0.4063421505104967,-0.810265499143756,4.796640108396918,3.8987774730460103
124011450,Blaxland - Warrimoo - Lapstone,2.181868732917224,-0.11352329498007972,0.4683430335155668,-0.03640529036004488,0.0,1.0059329991415544,0.388467919082098,3.8946840993163185
118011345,Paddington - Moore Park,-0.5591800237246042,-0.11754913757495165,0.22571532309708564,0.6665539372605314,0.0,1.1853796560643768,2.426981729578476,3.827901484700914
119011354,Bass Hill - Georges Hall,2.34378722487075,-0.11782660039266725,0.22571532309708564,0.4954193154898416,-0.7602488586080155,0.7639279250786766,0.8137912178443825,3.7645655473800534
122031696,Frenchs Forest - Oxford Falls,0.8749551907209093,-0.11587776946044268,0.7109707439340479,0.32190782397233675,0.0,1.0848431104750473,0.8563235477206109,3.733122647362509
124031462,Kingswood - Werrington,1.684547650488538,-0.11709850108238162,0.22571532309708564,0.011132104576257821,0.0,1.658312850059094,0.02086706800898071,3.483476495147574
125041489,North Parramatta,0.5626838133819669,-0.1175936930036184,-0.016912387321395467,0.8483844728918891,0.0,1.3787516267519335,0.7165744638415746,3.37188829654235
128011604,Cronulla - Kurnell - Bundeena,1.09470171551498,-0.11393781317012201,0.7109707439340479,0.8929507806446729,0.0,1.4652573637752813,-0.6839543985113764,3.3659883921874845
125021477,Ermington - Rydalmere,1.672982043920429,-0.11744067542380782,0.4683430335155668,0.7919338164050297,0.0,-0.6245946489473023,1.169239974667149,3.3604635441370645
121031411,Turramurra,1.4301043059901404,-0.11522760679791116,-0.016912387321395467,0.4039098302374589,1.0092846818795782,0.8514886101145042,-0.2434409819361532,3.3192064521662217
128021537,Royal National Park,-1.3919036966284506,6.492821530955571,-0.9874232289953199,-0.7946267395940729,0.0,0.0,-0.03381735611759872,3.2850505096201283
120021389,Lilyfield - Rozelle,-0.7326641222462389,-0.11787514661046947,0.4683430335155668,0.3082408229281497,0.0,0.39448513110823313,2.8462289812155848,3.166758699910826
102011040,Umina - Booker Bay - Patonga,2.7485834547545642,-0.11443738689241433,0.7109707439340479,0.05272732514552268,0.0,0.4957601403062988,-0.7325627755127804,3.1610415017352387
125031479,Chester Hill - Sefton,1.2334889943322878,-0.11784709055614766,-0.016912387321395467,0.5275070570718459,0.0,2.0268061908183057,-0.5350912439445769,3.117951520400319
124031464,Penrith,1.2913170271728327,-0.11615374415512272,2.1667370064449347,0.5316665791287724,-0.9372022126567748,0.062492991580824414,0.048209280072270426,3.047066927587737
117031336,Surry Hills,-1.0333698930170723,-0.11785178934259469,0.4683430335155668,2.4111763314228405,0.5374090710828866,0.2362429292362556,0.5160649087107834,3.018014591608666
115011558,Cherrybrook,0.7708647316079286,-0.11742644809445464,-0.016912387321395467,0.07293071799345133,0.30147126568454075,2.2419100905629477,-0.389266112940365,2.8635718574926528
128011530,Miranda - Yowie Bay,0.29667486231546036,-0.11778654729542945,1.6814815856079723,0.7384542471016892,0.0,0.5411229048429324,-0.31939157100084686,2.8205554815717777
125031483,Guildford - South Granville,1.071570502378762,-0.11806340271598768,1.1962261647710102,0.7954991210252524,-0.7602488586080155,0.7628729770661967,-0.14926225149593308,2.798594252421285
123021438,Claymore - Eagle Vale - Raby,1.3144482403090505,-0.11533189024642397,0.4683430335155668,-0.15108925564387515,0.0,1.5296091925365523,-0.27989726468720616,2.7660820557836643
128021536,Oyster Bay - Como - Jannali,1.2103577811960697,-0.1176114859440969,0.7109707439340479,0.12403341754997674,0.0,1.5004926273921084,-0.6626882335732622,2.7655548505548437
120031396,Homebush,-0.8598857944954377,-0.11802915880312523,-0.5021678081583577,0.7752957281773237,0.5374090710828866,0.4744501904542058,2.411791611765537,2.7188638400230323
118011341,Bondi Junction - Waverly,-0.061858941295918006,-0.1182702404292309,0.4683430335155668,1.964324819021595,1.8350670007737886,-1.2385743922105754,-0.13407213368299434,2.7149591456922324
125031714,Merrylands - Holroyd,0.574249419950076,-0.11821365094438391,0.953598454352529,0.8935449980813767,0.0,0.43457315558246745,-0.058121544618300686,2.679630832403765
122011419,Manly - Fairlight,0.4701589608370951,-0.11744835899784846,0.7109707439340479,1.1603486271613757,1.9530359034729614,-0.9790571811405321,-0.5199011261316381,2.6781075691354617
116011303,Blacktown (East) - Kings Park,0.9096520104252364,-0.11703541909135726,0.22571532309708564,0.8870086062776351,-0.8074364196876846,1.0449660756033088,0.46441850814679164,2.6072886847710155
127021521,Wetherill Park Industrial,-0.33943349893053354,3.941426523326666,-0.7447955185768388,0.2933853870105551,0.0,0.0,-0.5442053146323401,2.6063775781975087
125041493,Toongabbie - Constitution Hill,0.516421387109531,-0.1177023316795611,0.7109707439340479,0.33498060757981996,0.0,0.5217118614133031,0.62847178052653,2.5948540488836707
121041414,Crows Nest - Waverton,-0.4897863843159503,-0.11799474500887033,0.22571532309708564,0.8578919518791497,0.0,1.1689224670696912,0.9353121603478923,2.580060773068998
125041589,Wentworthville - Westmead,0.2851092557473514,-0.11828876414441436,-0.016912387321395467,0.3112119101116686,-0.4653266018600832,0.2520671494234533,2.2963467163872027,2.544207278343783
102021056,Warnervale - Wadalba,1.765506896465301,-0.11262884951861163,0.4683430335155668,-0.19506134595995514,0.0,1.3053272450833362,-0.7356007990753681,2.4958861805102694
115041625,Rouse Hill - Beaumont Hills,0.8980864038571273,-0.11749444810433754,-0.016912387321395467,0.18286094378365134,-0.4653266018600832,2.3565829395195075,-0.3801520422526018,2.457644807621868
119011572,Bankstown - South,0.14632197693004365,-0.11807104927676404,0.4683430335155668,0.7990644256454751,0.0,0.5255096742582304,0.6315098040891177,2.4526778651616694
124011452,Katoomba - Leura,2.841108307299436,-0.10292976847185539,0.4683430335155668,-0.06255085757501136,0.0,-0.004285217609150309,-0.7356007990753681,2.4040846980836177
128021538,Sutherland - Kirrawee,0.52798699367764,-0.11752274806658035,0.4683430335155668,0.5138400560276589,0.0,0.6466177060909174,0.3216314007051676,2.3608964419503704
123021443,Minto - St Andrews,1.025308076106326,-0.11711823389753144,0.22571532309708564,0.27199355928921887,0.0,1.3650373025896956,-0.43179844281659346,2.3391375843682014
123021444,Rosemeadow - Glen Alpine,1.164095354923634,-0.11116092054043882,0.4683430335155668,-0.19565556339665893,0.0,1.4979607521621567,-0.5168631025690503,2.306719554095209
121031412,Wahroonga (East) - Warrawee,1.0368736826744351,-0.11643606804821333,0.22571532309708564,0.4835349667557659,0.0,-0.2405935724046368,0.9170840189723658,2.3061783510468024
126021503,West Ryde - Meadowbank,0.12319076379382568,-0.11782807427983191,0.4683430335155668,0.40212717792734753,0.0,1.4194726200336563,-0.012551191179484496,2.28275432981108
102021048,Gorokan - Kanwal - Charmhaven,2.11247509350857,-0.1169487634472208,0.4683430335155668,-0.2663674383644092,0.0,0.818574232125133,-0.7356007990753681,2.2804753582622714
125011586,Lidcombe,0.36606850172411426,-0.11737652004811942,0.4683430335155668,0.9672279602326459,-0.3473576991609103,-0.7332542942327269,1.6249435090553106,2.228594491085881
125041588,Pendle Hill - Girraween,-0.2353430398175527,-0.11785815182781807,0.7109707439340479,0.15968646375220377,-0.6658737364486772,0.8535985061394639,1.4973465194266253,2.2025273051582928
119031372,Peakhurst - Lugarno,1.3607106665814865,-0.11752677017463177,-0.016912387321395467,0.6297124561848967,0.0,0.7563322993888218,-0.44091251350435673,2.1714037511548208
128021535,Menai - Lucas Heights - Woronora,1.2334889943322878,-0.11325159674101072,0.7109707439340479,0.13116402679042213,0.0,0.05373692307724146,0.1515020812002538,2.1676111725932423
120011383,Concord - Mortlake - Cabarita,0.36606850172411426,-0.1177703905310436,0.7109707439340479,0.9523725243150513,0.0,0.3619927323238538,-0.10976794518229237,2.1638661665837313
119041668,Arncliffe - Bardwell Valley,-0.7442297288143478,-0.11780278567880832,0.22571532309708564,0.19415107508102322,0.0,-0.6826167896336941,3.1834495966628245,2.058666690714083
120031681,Strathfield - West,-0.004030908455373103,-0.11718195555368716,-0.2595400977398766,0.0485678030885962,0.0,0.5879625965970379,1.7950728285602244,2.050850266496922
127021516,Fairfield - West,-0.1196869741364629,-0.11821600365931063,-0.016912387321395467,-0.04413011703719407,0.0,2.8339469151666385,-0.4864828669431729,2.0485185660691028
126021500,Macquarie Park - Marsfield,1.2103577811960697,-0.1166543836696146,-0.2595400977398766,0.6938879393489054,-1.8219689829005716,0.9222756217519025,1.3970917418612296,2.0254496198480445
121031407,Gordon - Killara,0.504855780541422,-0.11705082609987699,-0.2595400977398766,1.0831003603898837,0.0,0.8590842358043593,-0.07331166243123942,1.997137790464672
121011686,Lane Cove,0.29667486231546036,-0.1178924735634413,0.22571532309708564,0.4443166159333162,1.245222487277924,-0.27118706476655247,0.17276824613836803,1.9956179964321605
115011555,Castle Hill - North,0.16945319006626158,-0.1169845249039186,-0.016912387321395467,-0.025115159062672986,0.0,2.4277919303618964,-0.4530646077547077,1.9851684413854631
126021723,Eastwood,0.8749551907209093,-0.11767600196184748,0.4683430335155668,0.6196107597609324,0.4784246197333001,-0.2194946121550398,-0.20090865205992475,1.9032543375538968
122021420,Avalon - Palm Beach,1.3260138468771596,-0.11637212621058807,-0.016912387321395467,0.31002347523826107,0.8323313278308189,0.13749979526814168,-0.592813691633744,1.8797702400486536
102011031,Erina - Green Point,1.5688915848074483,-0.10896523676005557,0.4683430335155668,0.2993275613775929,0.0,0.03010608759769272,-0.38319006581518955,1.8745129647230554
127031524,Holsworthy - Wattle Grove,0.9327832235614543,-0.10740517891992363,0.4683430335155668,-0.03402842061322974,0.0,0.7327014639092732,-0.13407213368299434,1.8583219877701465
127021511,Cabramatta - Lansvale,0.6205118462225118,-0.11761970099065022,0.22571532309708564,0.5340434488755875,-0.8192333099576019,1.2679820854415493,0.11504579844920085,1.826445491137683
123021436,Bradbury - Wedderburn,1.66141643735232,-0.11339080647512995,0.22571532309708564,-0.2509177850101108,0.0,0.8903106969737629,-0.6292699743847969,1.7838638915531309
127021509,Bonnyrigg Heights - Bonnyrigg,0.504855780541422,-0.11787624087441079,0.4683430335155668,-0.16653890899817353,0.0,1.3312789661903404,-0.24040295837356546,1.7796596720011792
124031460,Glenmore Park - Regentville,0.8402583710165824,-0.1176084916659227,0.22571532309708564,-0.04472433447389785,0.0,1.2036302566802783,-0.3497718066267243,1.7574993180274017
124031459,Emu Plains - Leonay,1.3028826337409416,-0.1153356817333672,0.7109707439340479,-0.14217599409331838,0.0,0.29690243995384696,-0.3406577359389611,1.7125864058631897
124051581,St Marys - North St Marys,0.9906112564019992,-0.11637723499011633,-0.2595400977398766,0.2018759017581724,0.0,0.8991722602785936,-0.00951316761689675,1.7062289180918757
119011361,Yagoona - Birrong,0.8286927644484735,-0.11815241297316698,-0.2595400977398766,0.34389386913037673,0.0,0.691980470627551,0.16061615188801703,1.6474907453813747
102021047,Chittaway Bay - Tumbi Umbi,1.8580317490101728,-0.1133287456705764,0.22571532309708564,-0.08275425042294002,0.0,0.33435309439688166,-0.5958517151963317,1.626165455214292
122021690,Mona Vale - Warriewood (North),0.15788758349815263,-0.11721846676625108,0.7109707439340479,0.7818321199810654,0.0,0.28118371456789715,-0.23128888768580222,1.5833668075291099
121011683,Castle Cove - Northbridge,0.574249419950076,-0.11704877898164506,-0.016912387321395467,0.2969506916307778,2.0710048061721342,-0.7659576826196023,-0.4682547255676464,1.574031343262699
126021499,Hunters Hill - Woolwich,0.007534698112735877,-0.1174282959104943,-0.016912387321395467,0.0485678030885962,2.3069426115704803,0.03474785885260415,-0.6900304456365519,1.573421842755975
116031316,Lethbridge Park - Tregear,1.2681858140366147,-0.11753645246494336,0.22571532309708564,-0.3281660517816027,0.0,1.2183995288549962,-0.7325627755127804,1.53403538622937
119011658,Panania (South) - Picnic Point,0.042231517817062816,-0.11745758004594367,-0.016912387321395467,-0.06195664013830758,0.0,2.234314464873092,-0.5988897387589195,1.4813296364255883
102021044,Bateau Bay - Killarney Vale,1.7886381096015187,-0.11721375374393317,0.4683430335155668,-0.05601446577126974,0.0,-0.00534016562163016,-0.5988897387589195,1.479523019221333
117011325,Sydney Airport,-1.5769534017181943,1.2904707679969565,-0.9874232289953199,-0.7851192606068125,0.0,0.0,3.520670212110064,1.4616450887866939
117031330,Erskineville - Alexandria,-0.07342454786402698,-0.11732886119960177,-0.016912387321395467,1.2269009800721995,0.12451791163578137,0.2550210038583969,0.06036137432262141,1.459135473503975
119011356,Condell Park,0.9674800432657812,-0.1165918473869738,-0.2595400977398766,0.8567035170057421,-0.5832955045592562,-0.021164385808827915,0.5616352621495996,1.4052269869261884
128011531,Sylvania - Taren Point,0.14632197693004365,-0.11742832628035219,0.22571532309708564,0.5506815371032935,0.06553346028619492,0.025253326740285503,0.5008747908978446,1.3969520887743956
115041301,Pitt Town - McGraths Hill,1.3722762731495954,-0.09538406694253013,0.22571532309708564,0.28150103827647943,0.0,0.01997858667788625,-0.45002658419211994,1.3540605700663968
125031484,Guildford West - Merrylands West,1.3028826337409416,-0.11819445434703707,-0.2595400977398766,0.5084920990973248,0.0,0.5360591543830289,-0.617117880134446,1.3525814549999358
121011687,Willoughby,-0.24690864638566168,-0.11818363888140378,-0.016912387321395467,0.07887289236048917,1.5991291953754427,0.4221247690352053,-0.413570301441067,1.3045518827416092
127031522,Casula,0.48172456740520403,-0.11754260805551,-0.5021678081583577,-0.020955637005746503,-0.7602488586080155,0.529518476705654,1.6887420038696535,1.2990701361528818
127021519,Smithfield - Wetherill Park,0.7014710921992747,-0.11773411088864594,0.7109707439340479,0.18167250891024375,0.0,-0.1445933032689704,-0.061159568180888434,1.2706273627050615
120021675,Leichhardt,-0.617008056565149,-0.11829421838107586,0.4683430335155668,0.5376087534958103,0.30147126568454075,0.2647265255732115,0.42492420183315094,1.2617715051560552
125041491,Northmead,-0.5360488105883862,-0.11779610620819345,0.22571532309708564,0.3635030445416016,-0.4063421505104967,0.47561063326793374,1.24822858729443,1.2528705208939748
116031317,Mount Druitt - Whalan,1.083136108946871,-0.11781601554814214,0.22571532309708564,0.16503442068253782,-0.9077099869819816,1.0707068071078172,-0.2920493589375571,1.227017298366631
125031713,Greystanes - South,1.140964141787416,-0.11780506911249679,0.22571532309708564,0.0301470625507789,0.0,0.18138563258730336,-0.2707831939994429,1.189623896910644
123031447,Picton - Tahmoor - Buxton,0.8402583710165824,-0.0848045390406669,-0.016912387321395467,0.13532354884734862,0.0,0.988420862134389,-0.6748403278236131,1.1874455278126446
127011504,Ashcroft - Busby - Miller,0.7824303381760376,-0.11808597511284818,-0.016912387321395467,-0.26755587323781677,0.0,1.382127460391869,-0.6110418330092705,1.1509617298865757
118021569,Randwick - North,-0.4550895646116233,-0.11839352117289828,0.953598454352529,0.16622285555594538,1.6581136467250293,-0.5433636519863538,-0.5593954324452788,1.1016927864173494
124031461,Jamisontown - South Penrith,0.5626838133819669,-0.11708823512136413,0.22571532309708564,-0.020955637005746503,0.0,0.7046398467773092,-0.27989726468720616,1.0750978464420449
122031430,Manly Vale - Allambie Heights,0.5973806330862939,-0.11717834059154279,-0.2595400977398766,0.16681707299264917,0.0,1.217766560047508,-0.556357408882691,1.0488884189123406
128011602,Caringbah,-0.004030908455373103,-0.11769681860129996,-0.5021678081583577,0.4960135329265454,-0.052435442412978005,1.2903469833061219,-0.11584399230746786,0.9941855462971905
102011039,Terrigal - North Avoca,0.7939959447441465,-0.11628504254126729,0.4683430335155668,0.09669941546160268,0.0,0.32295965586209935,-0.6383840450725602,0.9273289619695879
120011672,Concord West - North Strathfield,-0.8367545813592197,-0.11767923445359431,-0.016912387321395467,0.07471337030356269,0.7733468764812323,-0.2511430525294353,1.2907609171706587,0.9163319082918091
127021513,Canley Vale - Canley Heights,-0.2816054660899886,-0.11804187807922363,-0.2595400977398766,-0.023332506752561637,0.0,2.1404240917623856,-0.5442053146323401,0.913698828468395
119041377,Kingsgrove (South) - Bardwell Park,0.5395526002457489,-0.11776848672057849,0.22571532309708564,0.027770192803963766,0.0,-6.542555923090735e-05,0.22137662313977197,0.8965808270067608
102011042,Woy Woy - Blackwall,1.8002037161696278,-0.1132964093644113,-0.016912387321395467,-0.33826774820556704,0.0,0.1839175078172551,-0.6231939272596215,0.8924507518358876
116021563,Quakers Hill,0.6320774527906208,-0.11796204141723664,-0.016912387321395467,0.15255585451175835,-0.7484519683380982,1.63025123292713,-0.6687642806984376,0.8627938624543411
125031480,Fairfield - East,0.9327832235614543,-0.11767319844434301,-0.016912387321395467,0.16444020324583403,0.0,-0.3260443614155047,0.2183385995771842,0.8549320792032296
124031707,Cranebrook - Castlereagh,0.8518239775846914,-0.1099656293688128,0.22571532309708564,-0.13682803716298433,0.0,0.5248767054507426,-0.5472433381949279,0.8083790014057947
117031329,Darlinghurst,-1.079632319289508,-0.11787001884978004,0.7109707439340479,0.6023784540965227,0.7733468764812323,-1.3124207530841647,1.2087342809807895,0.7855072642691395
121041416,Neutral Bay - Kirribilli,-0.6632704828375849,-0.11809892690817088,0.7109707439340479,0.9291980442836038,0.0,-0.7743972667194411,0.6922702753408726,0.7766723870933273
115011296,West Pennant Hills,1.0600048958106532,-0.11654798002539939,-0.2595400977398766,0.09194567596797242,0.0,0.0,-0.04293142680536196,0.7329310672079876
126021501,North Ryde - East Ryde,0.6089462396544029,-0.11730528659743163,-0.2595400977398766,0.23396364334017672,0.0,-0.9368592606413381,1.1935441631678507,0.7227494011837841
119031370,Narwee - Beverly Hills,-0.20064622011322575,-0.11788359797247934,-0.2595400977398766,-0.08275425042294002,0.0,-0.2405935724046368,1.6127914148049598,0.7113736761518012
116021309,Glenwood,-0.2584742529537707,-0.11792225595437131,-0.2595400977398766,0.03133549742418647,-0.4063421505104967,1.630884201734618,0.08162753926073564,0.7015684812610247
123021705,Ingleburn,0.6783398790630567,-0.11594195235881476,0.4683430335155668,0.3230962588457443,-0.9372022126567748,0.14340750413802875,0.13631196338731508,0.696354473934122
117031331,Glebe - Forest Lodge,-0.4550895646116233,-0.11814725199544551,1.1962261647710102,0.521564882704808,0.0,-0.1686461179535112,-0.2920493589375571,0.6838587539776809
115011621,Kellyville - East,-0.1196869741364629,-0.11795092035490855,0.4683430335155668,0.14245415808779402,-0.11141989376256446,1.0371594603109577,-0.617117880134446,0.6817809835259366
120031395,Haberfield - Summer Hill,-0.44352395804351435,-0.11778087192824034,0.22571532309708564,0.08243819698071188,0.0,-0.1108349668696152,1.0446810086010512,0.6806947318374788
123011701,Mount Annan,0.0537971243851718,-0.11688428159556032,-0.016912387321395467,-0.1849596495359908,-0.8487255356323952,2.1632109688319505,-0.38319006581518955,0.666336173316591
119041381,Rockdale - Banksia,-0.3163022857943156,-0.11802255620621309,1.1962261647710102,0.5566237114703313,0.0,-0.9358043126288582,0.27909907082893914,0.6618197924408937
123021441,Leumeah - Minto Heights,1.3838418797177046,-0.11389255354037595,-0.016912387321395467,-0.28181709171870756,0.0,0.31325413414728465,-0.6505361393229112,0.6339378419615991
125021711,Carlingford - East,-0.32786789236242453,-0.11780732881973378,-0.2595400977398766,-0.13326273254276164,0.06553346028619492,1.17894447318825,0.2031484817642455,0.6091483637738937
128011529,Gymea - Grays Point,0.31980607545167833,-0.1178301517679217,0.22571532309708564,0.07352493543015512,0.0,0.5702394699873762,-0.4773687962554097,0.594086855942964
116031315,Hassall Grove - Plumpton,0.31980607545167833,-0.11805483082360439,-0.2595400977398766,-0.09107329453679298,0.0,0.9082448131859203,-0.17964248712181052,0.5797401784155142
126021498,Gladesville - Huntleys Point,-0.1775150069770078,-0.11767305418751814,-0.016912387321395467,0.46452000878124483,0.8913157791804053,-0.48186018285877863,-0.021665261867247734,0.5402098947497024
121041689,Mosman - South,0.4701589608370951,-0.11749776031696128,0.22571532309708564,0.49363666317973026,0.0,0.04371491695868288,-0.5836996209459808,0.5320284828096515
116011626,Seven Hills - Prospect,-0.32786789236242453,-0.11694892953238102,-0.016912387321395467,0.0010304081522934975,0.0,-0.05101941456200788,1.0051867022874106,0.49346848666149523
119011360,Revesby,0.6783398790630567,-0.11789399110727665,-0.016912387321395467,0.023016453310333498,-0.5243110532096696,0.23582095003126355,0.20922452888942097,0.4872843796557331
119021366,Punchbowl,0.7014710921992747,-0.11816003580749188,-0.2595400977398766,0.9280096094101962,-0.6776706267185945,-0.5718472483233098,0.46441850814679164,0.46668120116698975
117031333,Potts Point - Woolloomooloo,-0.9755418601765274,-0.1176796814599398,0.7109707439340479,0.9731701345996837,0.0,-0.9411845474925055,0.8168292414069702,0.46656403081172915
120011385,Drummoyne - Rodd Point,-0.1196869741364629,-0.1180946760771274,0.22571532309708564,0.7016127660260546,0.0,-0.647803505221859,0.3550496598936328,0.3967925935813237
117021327,Petersham - Stanmore,-0.7095329091100209,-0.11811689067909989,0.4683430335155668,0.39856187330712484,0.0,0.27063423444309864,0.0725134685729724,0.3824028100496419
120031677,Ashfield - South,-0.4897863843159503,-0.11791490455065111,1.1962261647710102,-0.11543620944164812,0.0,0.22358355308649738,-0.3163535474382591,0.38031867211099896
120011386,Five Dock - Abbotsford,0.4123309279965502,-0.11800421660829297,-0.016912387321395467,0.8258042102971453,0.0,-0.6868365816836135,-0.06723561530606392,0.34914633737432965
127021510,Bossley Park - Abbotsbury,0.33137168201978734,-0.1171069476991012,-0.016912387321395467,0.0889745887844535,0.0,0.4518743029871369,-0.389266112940365,0.34893512583051606
119021662,Earlwood,0.1116251572257167,-0.1176813328209614,-0.016912387321395467,0.3450823040037843,0.18350236298536782,-0.7374740862826463,0.5768253799625382,0.3449673977524039
117011635,Mascot,-0.7326641222462389,-0.11809270962883044,-0.2595400977398766,0.6897284172919789,0.06553346028619492,-0.8682876398301478,1.5338028021776784,0.3104801103107586
122031427,Forestville - Killarney Heights,-0.5013519908840592,-0.1167757985651392,-0.016912387321395467,-0.04710120422071299,0.0,0.7253168278219142,0.2426427880778862,0.28581823490849356
118011340,Bondi Beach - North Bondi,-0.617008056565149,-0.11837660990735602,-0.016912387321395467,0.9678221776693496,1.7170980980746158,-1.071892606238759,-0.5806615973833931,0.28006901832791287
120031680,Strathfield - East,-0.4088271383391874,-0.11781519746009582,-0.2595400977398766,0.5316665791287724,1.48116029267627,-0.9685077010157336,-0.000399096929133511,0.2577376403210154
117031640,Newtown (NSW),-1.195288384970598,-0.11820065739050664,0.953598454352529,0.20068746688476485,0.0,0.6180286149527131,-0.22217481699803898,0.23665067683086344
127031732,Liverpool - West,0.15788758349815263,-0.11791852235996965,-0.2595400977398766,-0.22536643523184813,0.0,0.037912702890043705,0.6315098040891177,0.22448503514561974
116031313,Bidwill - Hebersham - Emerton,0.9790456498338902,-0.11803214169260272,-0.016912387321395467,-0.33707931333215946,-1.1436477923803274,1.5694862274082908,-0.7204106812624294,0.21244956125326664
128021607,Engadine,0.8286927644484735,-0.11731181326969911,0.7109707439340479,-0.14574129871354108,-0.5243110532096696,-0.22476935221743904,-0.31939157100084686,0.2081384199713256
126011721,Epping (NSW) - West,-0.10812136756835392,-0.1180492142980149,-0.016912387321395467,0.3373574773266351,0.0,0.41980388340774955,-0.3254676181260224,0.188610773420598
127011505,Austral - Greendale,0.6552086659268388,-0.08918062961386766,0.22571532309708564,0.26605138492218106,0.0,-0.8260897193309538,-0.052045497493125197,0.179659527508159
125011583,Auburn - North,-0.8020577616548927,-0.11793900872721783,-0.2595400977398766,0.19177420533420808,0.0,-0.02960396990866672,1.190506139605263,0.1731395069088173
116011304,Blacktown (North) - Marayong,0.9790456498338902,-0.11766389198102255,-0.016912387321395467,0.07293071799345133,-0.9077099869819816,0.4356281035949473,-0.27989726468720616,0.16542094045068306
121021578,Hornsby - West,0.10005955065760772,-0.11682465892115874,0.953598454352529,-0.3216296599778611,0.0,0.12652833593835114,-0.5867376445085686,0.1549943775408994
124031463,Mulgoa - Luddenham - Orchard Hills,0.08849394408949873,-0.07843537909196632,-0.016912387321395467,0.020045366126814578,0.0,-0.8630128997677485,1.0021486787248228,0.1523273227600258
119021362,Belmore - Belfield,0.35450289515600525,-0.11805235283301396,0.22571532309708564,0.40866356973108914,0.0,-0.46529749906284495,-0.2616691233116797,0.14386281277664142
121041688,Mosman - North,0.25041243604302443,-0.11788635498613893,-0.016912387321395467,0.35399556555434103,0.0,-0.7786170587693605,0.43100024895832645,0.12199244947879706
119031664,Hurstville - Central,-0.8945826141997646,-0.11838433618900929,1.1962261647710102,0.4401570938763897,0.06553346028619492,-0.13087897910673235,-0.44091251350435673,0.11715827593373179
123011699,Elderslie - Narellan,0.2157156163386975,-0.11565518497589482,-0.2595400977398766,0.0004361907155897137,0.0,0.7289036510643457,-0.4743307726928219,0.09552940271003968
118021564,Kensington (NSW),-0.8830170076316556,-0.11785364190392465,0.4683430335155668,-0.22120691317492164,1.7170980980746158,-1.1362444350000298,0.23960476451529844,0.0667238983949493
117031641,Pyrmont,-1.218419598106816,-0.11843260338374235,-0.7447955185768388,0.661800197766901,0.5374090710828866,0.0,0.9261980896601291,0.04375963844251962
124041466,Richmond - Clarendon,0.4007653214284412,-0.09852528872495432,-0.016912387321395467,-0.015013462638708664,-0.9372022126567748,0.9375723679328604,-0.2677451704368552,0.0029391675826130337
127031599,Lurnea - Cartwright,-0.07342454786402698,-0.11815810447434308,-0.2595400977398766,-0.35550005386997674,0.0,-0.12518225983934106,-0.6383840450725602,0.0
127031601,Warwick Farm,-1.1027635324257261,-0.11573648698352396,-0.5021678081583577,-0.47969149814106754,-0.8664208710372711,-1.3082009610342453,0.0330191622593317,0.0
127031730,Edmondson Park,-1.183722778402489,-0.11754378109127016,-0.7447955185768388,-0.29013613583256054,-0.7602488586080155,-1.008595725489968,-0.413570301441067,0.0
127031731,Liverpool - East,-0.686401695973803,-0.11844719894762216,-0.016912387321395467,0.55484105916022,-0.8664208710372711,0.42201927423395713,-0.10672992161970463,0.0
127031733,Prestons,0.13475637036193466,-0.11721742470050298,-0.2595400977398766,0.3094292578015573,-0.8192333099576019,-0.13509877115665175,0.10593172776143761,0.0
128011603,Caringbah South,-0.2584742529537707,-0.11787963850225978,-0.5021678081583577,-0.023332506752561637,0.0,-0.7016058538583314,-0.7356007990753681,0.0
128011605,Lilli Pilli - Port Hacking - Dolans Bay,-1.3109444506516879,-0.11773167180943589,-0.7447955185768388,-0.5236635884571476,0.0,-1.1932116276739417,-0.7356007990753681,0.0
128011606,Woolooware - Burraneer,-0.2353430398175527,-0.11752972174519333,-0.2595400977398766,-0.17426373567532272,0.0,-0.07918652649521969,-0.6444600921977357,0.0
128021533,Heathcote - Waterfall,-0.5244832040202771,-0.10338071245923634,-0.5021678081583577,-0.5450554161784837,0.0,-0.3916621277917514,0.03605718582191944,0.0
128021534,Illawong - Alfords Point,-0.3625647120667515,-0.11630326350693011,-0.016912387321395467,-0.16475625668806218,-0.052435442412978005,0.36346965954132543,-0.5138250790064626,0.0
128021608,Loftus - Yarrawarrah,-0.061858941295918006,-0.11721239564185162,-0.5021678081583577,-0.5367363720646308,0.0,0.11956567905598423,-0.5988897387589195,0.0
102011028,Avoca Beach - Copacabana,-0.2584742529537707,-0.11609174124311074,-0.5021678081583577,-0.3222238774145649,0.0,-0.8165951872186351,-0.7356007990753681,0.0
128021609,Woronora Heights,-1.241550811243034,-0.11588660139473395,-0.7447955185768388,-0.6603335988990179,0.0,0.0,-0.7356007990753681,0.0
102011029,Box Head - MacMasters Beach,0.7592991250398196,-0.10665071003148592,-0.5021678081583577,-0.20635147725732703,0.0,-0.9083756643043821,-0.5897756680711562,0.0
102011033,Kariong,-0.9755418601765274,-0.11499071431407519,-0.5021678081583577,-0.5830853321275259,0.0,-0.5840846452680761,-0.3558478537518998,0.0
102011034,Kincumber - Picketts Valley,-0.10812136756835392,-0.11271789773811326,-0.016912387321395467,-0.4339367555148762,0.0,-0.1382636151940913,-0.604965785884095,0.0
102011035,Narara,-0.5244832040202771,-0.11525402193085005,-0.7447955185768388,-0.6074482470323811,0.0,-0.6802959040062384,-0.6930684691991397,0.0
102011036,Niagara Park - Lisarow,-0.5360488105883862,-0.11206236150885522,-0.7447955185768388,-0.4969238038054773,0.0,0.33414210479438566,-0.5533193853201033,0.0
102011037,Point Clare - Koolewong,-0.08499015443213596,-0.11471389021243289,-0.5021678081583577,-0.561099286969486,0.0,-1.0687277622013194,-0.5715475266956298,0.0
102011038,Saratoga - Davistown,-0.5707456302927131,-0.11639059393134608,-0.5021678081583577,-0.46305340991336164,0.0,-1.177387407486744,-0.7356007990753681,0.0
102011041,Wamberal - Forresters Beach,0.6436430593587298,-0.1145088803850101,-0.016912387321395467,-0.17664060542213786,0.0,0.04529733897740266,-0.6080038094466828,0.0
102011043,Wyoming,0.1116251572257167,-0.11617223370421607,0.22571532309708564,-0.47018401915380703,0.0,-0.8746173279050269,-0.604965785884095,0.0
102021045,Blue Haven - San Remo,-0.27003985952187964,-0.11306555858417495,-0.5021678081583577,-0.563476156716301,0.0,0.2446825133360944,-0.7356007990753681,0.0
102021046,Budgewoi - Buff Point - Halekulani,0.15788758349815263,-0.11496385597102304,-0.2595400977398766,-0.5296057628241854,0.0,-0.9843319212029313,-0.7356007990753681,0.0
102021049,Jilliby - Yarramalong,0.9559144366976723,0.24791901580612022,-0.2595400977398766,-0.5533744602923367,0.0,-1.458003578806384,-0.7356007990753681,0.0
102021050,Lake Munmorah - Mannering Park,0.6089462396544029,-0.1035758331016908,-0.2595400977398766,-0.5165329792167022,0.0,-0.2197056017575358,-0.7356007990753681,0.0
102021051,Ourimbah - Fountaindale,-0.2584742529537707,-0.032674304081124136,-0.7447955185768388,-0.5088081525395529,0.0,-1.2027061597862605,0.5859394506503015,0.0
102021052,Summerland Point - Gwandalan,-1.0449354995851814,-0.1133188375044469,-0.5021678081583577,-0.6032887249754546,0.0,-1.191101731648982,-0.7356007990753681,0.0
102021053,The Entrance,0.43546214113276815,-0.11463860048760359,0.4683430335155668,-0.10176920839746109,0.0,-0.4262644226010905,-0.6262319508222092,0.0
102021054,Toukley - Norah Head,0.2851092557473514,-0.11424385117691735,-0.2595400977398766,-0.41789288472387404,0.0,-1.0803321903385978,-0.7356007990753681,0.0
102021055,Tuggerah - Kangy Angy,0.25041243604302443,-0.10055584684281818,-0.5021678081583577,-0.1897133890296211,0.0,-1.1837170955616232,-0.07331166243123942,0.0
102021057,Wyong,0.48172456740520403,-0.11277149009761189,0.4683430335155668,-0.33886196564227083,0.0,-0.14712517849892215,-0.7356007990753681,0.0
115011294,Glenhaven,-0.015596515023482083,-0.11460643975717928,-0.7447955185768388,-0.39531262212913026,0.4194401683837137,-1.2375194441980955,-0.6080038094466828,0.0
115011553,Castle Hill - Central,-0.5244832040202771,-0.1171172544696152,-0.5021678081583577,0.2987333439408892,0.24248681433495428,-0.9474087407661366,-0.37711401869001404,0.0
115011554,Castle Hill - East,-0.617008056565149,-0.11724125365023277,-0.2595400977398766,-0.5367363720646308,0.0,-0.746968618394965,-0.6110418330092705,0.0
115011556,Castle Hill - South,-0.8251889747911106,-0.11752638106082783,-0.7447955185768388,-0.09939233865064596,0.0,0.0,-0.401418207190716,0.0
115011557,Castle Hill - West,-1.241550811243034,-0.11787628168390729,-0.9874232289953199,-0.47672041095754863,0.0,0.0,-0.6748403278236131,0.0
115011622,Kellyville - West,-0.32786789236242453,-0.1174696738927816,-0.9874232289953199,-0.19506134595995514,0.0,-0.5391438599364344,-0.15533829862110857,0.0
115021298,Galston - Laughtondale,-0.05029333472780902,0.015793525321712815,-0.5021678081583577,-0.310933746117193,0.0,-0.7737642979119532,-0.5442053146323401,0.0
115031299,Bilpin - Colo - St Albans,-1.3109444506516879,3.2752617776878994,-0.2595400977398766,-0.596752333171713,0.0,-1.494926759243179,-0.6991445163243152,0.0
115041623,Box Hill - Nelson,1.1525297483555248,-0.11314708551856392,-0.9874232289953199,-0.2883534835224492,0.0,0.0,-0.6930684691991397,0.0
115041624,North Kellyville,-0.6054424499970401,-0.11768635903243857,-0.7447955185768388,-0.00491176621474434,0.0,-0.5106602635994785,-0.7356007990753681,0.0
116011306,Doonside - Woodcroft,0.8286927644484735,-0.1174719905435021,0.22571532309708564,0.02836441024066755,-0.9607959931966095,0.22463850109897723,-0.5442053146323401,0.0
116011560,Blacktown - South,-0.7789265485186747,-0.11802883897055956,-0.016912387321395467,-0.2622079163074827,-0.8782177613071884,0.9576163801699775,-0.2829352882497939,0.0
116011561,Blacktown - West,0.3429372885878963,-0.11793076900515498,-0.2595400977398766,-0.10236342583416488,0.0,0.2668364215981712,-0.6231939272596215,0.0
116011627,Toongabbie - West,-0.5360488105883862,-0.11795689372632799,-0.7447955185768388,-0.22714908754195948,-0.6422799559088426,-0.8450787835555911,-0.7295247519501926,0.0
116021562,Acacia Gardens,-1.276247630947361,-0.11812619998959453,-0.7447955185768388,-0.6359706839941627,0.0,-0.8239798233059941,-0.6110418330092705,0.0
116021628,Kellyville Ridge - The Ponds,-0.674836089405694,-0.11819812625266495,-0.016912387321395467,0.1840493786570589,0.0,-0.4072753583764532,-0.5867376445085686,0.0
116021629,Marsden Park - Shanes Park,-0.7095329091100209,-0.11453004722688614,-0.9874232289953199,-0.1237552535555011,0.0,0.21092417693673918,-0.41053227787847923,0.0
116021630,Riverstone,0.5511182068138579,-0.11173984026170194,0.22571532309708564,-0.02986889855630326,-0.8664208710372711,0.12019864786347204,-0.5259771732568136,0.0
116021631,Schofields (West) - Colebee,-0.9986730733127454,-0.11590173032924257,-0.9874232289953199,-0.39650105700253785,0.0,0.0,-0.5472433381949279,0.0
116021633,Stanhope Gardens - Parklea,-0.8945826141997646,-0.11794459678106556,-0.2595400977398766,-0.21407630393447621,0.0,-0.8609030037427888,-0.568509503133042,0.0
116031314,Glendenning - Dean Park,-0.5823112368608221,-0.11703914794046863,-0.5021678081583577,-0.36857283747746,0.0,-0.7068805939207307,0.005676950196041981,0.0
117011320,Banksmeadow,-1.5191253688776496,-0.05339677704400905,-0.9874232289953199,-0.47196667146391835,0.0,0.0,-0.5199011261316381,0.0
117011321,Botany,-0.9408450404722005,-0.11795757420095584,-0.2595400977398766,0.17870142172672485,0.18350236298536782,-1.0138704655523672,-0.14014818080816985,0.0
117011323,Pagewood - Hillsdale - Daceyville,-0.7557953353824568,-0.11804479738181121,-0.2595400977398766,-0.030463115993007044,0.0,-0.859848055730309,-0.1371101572455821,0.0
117011324,Port Botany Industrial,-1.5075597623095405,2.5423854814184033,-0.9874232289953199,-0.715001603075766,0.0,0.0,-0.5988897387589195,0.0
117011634,Eastlakes,-0.9639762536084184,-0.11739784348457509,-0.016912387321395467,-0.26517900349100165,0.12451791163578137,-1.4084210222198312,1.1965821867304385,0.0
117021328,Sydenham - Tempe - St Peters,-0.8830170076316556,-0.1165908964307993,-0.2595400977398766,-0.08097159811282865,0.06553346028619492,0.012593950590527299,1.202658233855614,0.0
117021636,Marrickville - North,-0.9292794339040915,-0.11775016515476147,-0.2595400977398766,0.38727174200975295,0.18350236298536782,-0.08657116258257865,-0.46217867844247096,0.0
117021637,Marrickville - South,-0.8714514010635466,-0.11778524234059919,0.7109707439340479,0.05985793438596809,0.0,-0.7754522147319209,-0.7264867283876049,0.0
117031638,Camperdown - Darlington,-1.218419598106816,-0.11785803129744465,-0.2595400977398766,-0.3240065297246762,0.30147126568454075,-1.4031462821574319,-0.061159568180888434,0.0
117031639,Chippendale,-1.5885190082863034,-0.1181984166644308,-0.7447955185768388,-0.1671331264348773,0.06553346028619492,0.0,-0.055083521055712945,0.0
117031642,Redfern,-0.9292794339040915,-0.11788350971007991,-0.2595400977398766,0.2024701191948762,0.30147126568454075,0.0,0.12112184557437633,0.0
117031643,Rosebery - Beaconsfield,-0.9177138273359825,-0.11809446823341262,-0.016912387321395467,0.26308029773866215,0.0,-1.1404642270499492,0.0725134685729724,0.0
117031646,Ultimo,-1.4497317294689955,-0.11829789693011014,-0.7447955185768388,0.2642687326120697,0.18350236298536782,-1.0951014625133157,0.06339939788520915,0.0
117031647,Waterloo,-1.0218042864489634,-0.11830258053162825,-0.5021678081583577,0.2755588639094416,-0.11141989376256446,-1.5455642638422118,0.5980915449006525,0.0
117031648,Zetland,-1.3687724834922328,-0.11839909309275903,-0.7447955185768388,-0.01441924520200488,0.24248681433495428,0.0,0.14238801051249056,0.0
118011339,Bondi - Tamarama - Bronte,-0.5476144171564952,-0.11832937149155824,-0.016912387321395467,0.6766556336844957,0.0,-0.26907716874159276,-0.5897756680711562,0.0
118011344,Dover Heights,-0.7557953353824568,-0.11835068164120109,-0.7447955185768388,0.13116402679042213,0.0,-0.27888818525765535,-0.6991445163243152,0.0
118011346,Rose Bay - Vaucluse - Watsons Bay,0.48172456740520403,-0.11734941020468181,0.4683430335155668,0.3629088271048978,0.0,-0.8450787835555911,-0.42268437212883025,0.0
118011347,Woollahra,-1.1143291389938352,-0.11814940540817997,-0.5021678081583577,0.01885693125340701,2.778818222367172,-0.8355842514432724,-0.5867376445085686,0.0
118011650,Double Bay - Darling Point,-0.8714514010635466,-0.11796847887804662,-0.2595400977398766,1.071216011655808,0.0,-1.3166405451340841,-0.2890113353749694,0.0
118021565,Kingsford,-0.6979673025419119,-0.11824293697794938,-0.5021678081583577,-0.10652294789109136,1.127253584578751,0.0,-0.45002658419211994,0.0
118021566,Maroubra - North,-0.8945826141997646,-0.11816121263948427,-0.2595400977398766,-0.0577971180813811,0.0,0.0,-0.6869924220739642,0.0
118021567,Maroubra - South,-0.3163022857943156,-0.11814548769651498,-0.2595400977398766,-0.19981508545358542,0.0,-1.2058710038237,-0.6900304456365519,0.0
118021568,Maroubra - West,-0.9871074667446365,-0.11800088826168223,-0.5021678081583577,-0.22833752241536703,0.0,-0.24375841644207635,-0.4925589140683484,0.0
118021570,Randwick - South,-0.2353430398175527,-0.11764674250190764,-0.2595400977398766,0.08600350160093458,0.0,0.4666435751618548,-0.3619239008770753,0.0
118021651,Coogee - Clovelly,-0.3856959252029694,-0.11828311819802506,0.7109707439340479,0.5387971883692177,0.0,-1.1035410466131546,-0.7295247519501926,0.0
118021652,Malabar - La Perouse,-0.2584742529537707,-0.11529679692659926,-0.5021678081583577,-0.2152647388078838,0.9503002305299918,-1.1900467836365023,-0.7173726576998416,0.0
118021653,Matraville - Chifley,-0.2353430398175527,-0.11802990666087523,-0.016912387321395467,-0.029274681119599473,0.0,-0.7712324226820015,-0.6231939272596215,0.0
118021654,South Coogee,-1.160591565266271,-0.11825391093627843,-0.5021678081583577,-0.46067654016654647,0.0,-1.1098707346880337,-0.7356007990753681,0.0
119011355,Chullora,-1.218419598106816,-0.11005400280803491,-0.9874232289953199,-0.3638190979838297,0.0,0.0,-0.2677451704368552,0.0
119011358,Padstow,0.06536273095328078,-0.1174083666403264,0.22571532309708564,0.21851398998587834,-0.4653266018600832,-0.4980008874497203,0.30644128289222883,0.0
119011571,Bankstown - North,-0.2816054660899886,-0.11840014275097159,-0.2595400977398766,0.5435509278628481,-0.5832955045592562,-0.6467485572093792,0.20618650532683322,0.0
119011655,Greenacre - North,0.7939959447441465,-0.11811542912968999,-0.2595400977398766,0.31002347523826107,-0.5243110532096696,-1.1689478233869053,0.5160649087107834,0.0
119011656,Greenacre - South,-0.44352395804351435,-0.11835001824961829,-0.2595400977398766,0.18583203096717024,0.0,-0.03593365798354582,0.1515020812002538,0.0
119011657,Panania (North) - Milperra,-0.1890806135451168,-0.11662135360200881,-0.016912387321395467,-0.3471810097561238,0.0,-0.7986610710064777,0.36720175414398376,0.0
119021367,Roselands,0.4123309279965502,-0.1180772437787111,-0.2595400977398766,0.05985793438596809,-0.4653266018600832,-0.8123753951687157,0.6953082989034604,0.0
119021573,Lakemba,-0.3163022857943156,-0.11856390366800303,-0.2595400977398766,0.7224103763106869,-0.6422799559088426,-0.6404188691345001,-0.5199011261316381,0.0
119021574,Wiley Park,-1.218419598106816,-0.11851938145636834,-0.5021678081583577,-0.07086990168886434,-0.7248581877982636,0.013648898603007149,0.6041675920258279,0.0
119021659,Campsie - North,-1.2646820243792518,-0.11821848354801719,-0.5021678081583577,-0.03343420317652596,-0.1704043451121509,-1.0813871383510776,-0.7356007990753681,0.0
119021660,Campsie - South,-1.1143291389938352,-0.11824970755813786,-0.2595400977398766,-0.15168347308057892,0.0,-0.9537384288410157,-0.5593954324452788,0.0
119021661,Canterbury - South,-0.9871074667446365,-0.1181750005549564,-0.7447955185768388,-0.09226172941020055,-0.052435442412978005,-1.311365805071685,-0.35280983018931206,0.0
119021663,Kingsgrove - North,-0.9292794339040915,-0.11744286964603878,-0.016912387321395467,-0.21764160855469894,-0.052435442412978005,-0.011669853696509263,0.8563235477206109,0.0
119031371,Oatley - Hurstville Grove,-0.640139269701367,-0.11757439580611737,-0.016912387321395467,-0.10711716532779515,0.0,0.04318744295244296,-0.6839543985113764,0.0
119031373,Riverwood,-0.3509991054986425,-0.11785771431205316,-0.016912387321395467,-0.2847881789022265,-0.5243110532096696,-1.3651681537081573,-0.4864828669431729,0.0
119031665,Hurstville - North,-0.27003985952187964,-0.11803893315206848,-0.2595400977398766,-0.05660868320797353,0.0,-1.1678928753744253,-0.14318620437075757,0.0
119031666,Mortdale - Oatley,-0.4203927449072964,-0.11775712459750358,-0.2595400977398766,-0.16535047412476594,0.0,-0.7543532544823239,-0.7082585870120783,0.0
119031667,Penshurst,-0.8714514010635466,-0.11811726365891684,-0.5021678081583577,-0.3430214876991973,-0.22938879646173738,-0.5612977681985113,-0.4743307726928219,0.0
119041378,Kogarah,-0.8945826141997646,-0.1181417588474036,-0.5021678081583577,0.20722385868850646,-0.1704043451121509,1.572440081843234,-0.12192003943264336,0.0
119041379,Kogarah Bay - Carlton - Allawah,-0.3509991054986425,-0.1179849383919531,0.4683430335155668,0.10442424213875187,0.0,-0.9663978049907739,-0.28597331181238167,0.0
119041380,Monterey - Brighton-le-Sands - Kyeemagh,0.13475637036193466,-0.11778206299610361,-0.016912387321395467,0.17038237761287187,0.0,-0.7701774746695217,0.3611257070188083,0.0
119041382,Sans Souci - Ramsgate,0.2735436491792424,-0.11774756473568151,-0.016912387321395467,0.3159656496052989,0.0,-0.4895613033498815,-0.058121544618300686,0.0
119041669,Bexley - North,-0.3856959252029694,-0.11802222023966043,-0.7447955185768388,-0.22477221779514434,-0.1704043451121509,0.0,-0.22521284056062674,0.0
119041670,Bexley - South,-0.004030908455373103,-0.11819813289607135,-0.2595400977398766,-0.05957977039149245,0.0,0.08464689984290127,-0.5958517151963317,0.0
119041671,Wolli Creek,-1.5885190082863034,-0.11834620873057194,-0.9874232289953199,-0.2847881789022265,-1.8219689829005716,0.0,0.11808382201178859,0.0
120011673,Rhodes,-1.229985204674925,-0.11838265920342013,-0.7447955185768388,0.26248608030195836,-1.8219689829005716,0.0,-0.04293142680536196,0.0
120021387,Balmain,-0.8714514010635466,-0.11824421915538626,-0.016912387321395467,0.6279298038747854,0.7733468764812323,-0.8345293034307926,-0.7356007990753681,0.0
120021674,Annandale (NSW),-1.2646820243792518,-0.11824653011175841,-0.016912387321395467,-0.0833484678596438,0.0,-0.739583982307606,-0.3801520422526018,0.0
120031392,Canterbury (North) - Ashbury,-0.5129175974521683,-0.11779076111320866,0.22571532309708564,-0.19624978083336272,0.24248681433495428,-0.013463265317725055,-0.43179844281659346,0.0
120031393,Croydon Park - Enfield,-0.4088271383391874,-0.11801706875251954,-0.016912387321395467,0.16265755093572268,0.0,-0.9621780129408545,0.01479102088380522,0.0
120031394,Dulwich Hill - Lewisham,-0.686401695973803,-0.11819447237914017,-0.016912387321395467,-0.02570937649937677,0.0,-0.026861105076219204,-0.16749039287145956,0.0
120031576,Strathfield South,-1.195288384970598,-0.1162139846663203,-0.7447955185768388,-0.34658679231942,0.0,0.0,-0.2677451704368552,0.0
120031676,Ashfield - North,-0.9292794339040915,-0.11812827463051015,-0.5021678081583577,-0.3584711410534957,0.0,0.0,-0.06419759174347618,0.0
120031678,Burwood (NSW),-0.8714514010635466,-0.11808468059765655,-0.5021678081583577,0.8923565632079692,0.7143624251316459,-1.0687277622013194,-0.389266112940365,0.0
120031679,Croydon,-0.640139269701367,-0.11787423456567536,0.4683430335155668,-0.16475625668806218,0.30147126568454075,0.22970225155888072,-0.2950873825001449,0.0
121011401,St Leonards - Naremburn,-1.229985204674925,-0.11775946687279165,-0.2595400977398766,1.169856106148636,0.0,-1.241844731049263,0.364163730581396,0.0
121011682,Artarmon,-1.3225100572197968,-0.11828465851925381,-0.5021678081583577,-0.32578918203478757,1.6581136467250293,-0.323934465390545,0.32466942426775536,0.0
121011685,Greenwich - Riverview,0.6783398790630567,-0.11762120050238246,-0.2595400977398766,0.2999217788142967,0.0,-1.1056509426381143,-0.6444600921977357,0.0
121021577,Hornsby - East,-0.9061482207678735,-0.11792908822333359,-0.2595400977398766,0.19949903201135727,-0.1704043451121509,-0.831891933399593,-0.45002658419211994,0.0
121021579,Wahroonga (West) - Waitara,-0.8367545813592197,-0.11826897438578103,-0.5021678081583577,-0.29013613583256054,0.8913157791804053,-0.4958909914247606,0.048209280072270426,0.0
121041413,Cremorne - Cammeray,-0.2931710726580976,-0.11816305665929171,-0.016912387321395467,0.5542468417235161,0.0,-0.859848055730309,-0.3345816888137856,0.0
122021421,Bayview - Elanora Heights,0.4123309279965502,-0.09633810660665804,-0.7447955185768388,0.09135145853126862,0.0,-1.1162004227629128,-0.2616691233116797,0.0
122021422,Newport - Bilgola,-0.4203927449072964,-0.11727939344642486,-0.2595400977398766,0.32963265064948594,0.0,-0.5528581840986725,-0.44091251350435673,0.0
122021691,North Narrabeen - Warriewood (South),-0.2353430398175527,-0.11739797445458715,-0.016912387321395467,-0.0869137724798665,0.0,0.13960969129310138,-0.4044562307533038,0.0
122031424,Beacon Hill - Narraweena,-0.05029333472780902,-0.1179073956032932,-0.016912387321395467,-0.0797831632394211,0.0,-0.5623527162109911,-0.3467337830641366,0.0
122031425,Cromer,-0.4550895646116233,-0.1158022899240017,-0.5021678081583577,-0.20159773776369677,0.5374090710828866,0.08295898302293336,-0.6839543985113764,0.0
122031432,Terrey Hills - Duffys Forest,-0.43195835147540534,-0.0478243295069827,-0.7447955185768388,-0.4256177114010232,0.0,-1.367278049733117,-0.0459694503679497,0.0
122031692,Belrose,-0.2353430398175527,-0.1133139099950078,-0.5021678081583577,-0.14871238589706,0.30147126568454075,-0.9590131689034149,-0.45002658419211994,0.0
122031693,Collaroy - Collaroy Plateau,-0.6054424499970401,-0.11784696243330978,-0.2595400977398766,0.06164058669607944,1.7170980980746158,-1.0107056215149277,-0.4682547255676464,0.0
122031694,Dee Why (South) - North Curl Curl,-0.8598857944954377,-0.11816639924177331,-0.7447955185768388,-0.23546813165581243,0.0,-0.0184215209763804,-0.6748403278236131,0.0
122031695,Dee Why - North,-0.7326641222462389,-0.11836431201303553,0.4683430335155668,0.23039833871995402,0.0,-0.9526834808285358,-0.39230413650295276,0.0
122031697,Narrabeen - Wheeler Heights,-0.7904921550867837,-0.11768953742787608,-0.016912387321395467,-0.16237938694124704,0.0,-0.676287101558815,-0.5867376445085686,0.0
123011433,Camden - Ellis Lane,0.4007653214284412,-0.11174780760410204,0.7109707439340479,0.008161017392738903,-0.8782177613071884,0.49386123388383485,-0.6687642806984376,0.0
123011698,Currans Hill,-0.4666551711797323,-0.1158453458409362,-0.5021678081583577,-0.1748579531120265,0.0,-1.0370793218269239,-0.4287604192540057,0.0
123011700,Harrington Park,-0.7557953353824568,-0.1173802944520176,-0.5021678081583577,-0.27290383016815084,-0.5243110532096696,-0.873562379892547,-0.49559693763093615,0.0
123011702,Spring Farm,-1.183722778402489,-0.11725696530638924,-0.7447955185768388,-0.5397074592481498,-0.901811541847023,-0.725869658145368,-0.7356007990753681,0.0
123021703,Denham Court - Bardia,-1.0102386798808545,-0.11588238947507086,-0.5021678081583577,-0.16535047412476594,0.0,0.28371558979784883,-0.2160987698728635,0.0
123021704,Glenfield,-0.617008056565149,-0.11660892283956016,-0.016912387321395467,-0.45354593092610107,-0.8782177613071884,0.39448513110823313,-0.4743307726928219,0.0
123021706,Macquarie Fields,0.36606850172411426,-0.11695726131307553,-0.016912387321395467,-0.34064461795238216,-0.9961866640063614,1.4289671521459748,-0.6748403278236131,0.0
123031445,Bargo,-1.137460352130053,-0.08010928214054923,-0.2595400977398766,-0.5028659781725151,0.0,-1.2649480925225716,-0.5776235738208053,0.0
123031446,Douglas Park - Appin,-0.061858941295918006,-0.03855839571089667,-0.016912387321395467,-0.16653890899817353,0.0,-0.4621326550254054,0.06036137432262141,0.0
123031448,The Oaks - Oakdale,1.025308076106326,-0.012100269492918118,-0.016912387321395467,-0.15465456026409785,0.0,-1.0592332300890008,-0.7295247519501926,0.0
124011449,Blackheath - Megalong Valley,0.2851092557473514,0.00462404679677391,-0.5021678081583577,-0.5111850222863681,0.0,-1.2058710038237,-0.7356007990753681,0.0
124011453,Lawson - Hazelbrook - Linden,0.6552086659268388,-0.10330360433916717,-0.2595400977398766,-0.3786745339014243,0.0,-1.0170353095898068,-0.401418207190716,0.0
124011455,Wentworth Falls,-0.2353430398175527,-0.10472250402898606,-0.7447955185768388,-0.5064312827927379,0.0,-1.198486367736341,-0.7356007990753681,0.0
124031457,Cambridge Park,0.4585933542689861,-0.11756008495965506,0.22571532309708564,-0.3863993605785735,0.0,0.4271885194951085,-0.6353460215099724,0.0
124031465,Warragamba - Silverdale,-0.5591800237246042,-0.08548695259413824,-0.7447955185768388,-0.46008232272984273,0.0,-1.1689478233869053,-0.7295247519501926,0.0
124031708,Jordan Springs - Llandilo,-0.5360488105883862,-0.1143141754299852,-0.7447955185768388,-0.25685995937714867,0.0,-0.2595826366292741,-0.6809163749487886,0.0
124041467,Windsor - Bligh Park,0.7246023053354926,-0.11378793032907825,0.22571532309708564,0.0004361907155897137,0.0,-0.6140451688225038,-0.22825086412321446,0.0
124041468,Yarramundi - Londonderry,-0.4897863843159503,-0.07429726008161391,-0.2595400977398766,-0.24200452345955406,0.0,-1.3651681537081573,-0.4287604192540057,0.0
124051469,Erskine Park,-0.7326641222462389,-0.11437506889312694,-0.5021678081583577,-0.4981122386788849,-0.8192333099576019,-0.15218892895882538,-0.22217481699803898,0.0
124051470,St Clair,0.31980607545167833,-0.11773611624832328,-0.016912387321395467,-0.1124651222581292,-0.9077099869819816,0.7964203238630562,-0.22217481699803898,0.0
124051580,Colyton - Oxley Park,-0.09655576100024495,-0.11782775254915012,-0.2595400977398766,-0.4232408416542081,-1.8219689829005716,0.5326833207430935,-0.2616691233116797,0.0
125011475,Rookwood Cemetery,-1.3109444506516879,2.742484075747782,-0.9874232289953199,-0.7910614349738503,0.0,0.0,-0.6748403278236131,0.0
125011582,Auburn - Central,-0.09655576100024495,-0.11815269674152643,-0.2595400977398766,0.7521212481458762,-0.701264407258429,-1.0592332300890008,-0.7356007990753681,0.0
125011584,Auburn - South,-0.7673609419505658,-0.11805291277726841,-0.2595400977398766,-0.07800051092930975,0.0,-0.9948814013277298,-0.7356007990753681,0.0
125011585,Berala,-0.617008056565149,-0.11787753254242823,-0.7447955185768388,-0.28538239633893026,-0.5832955045592562,-0.8419139395181515,-0.6231939272596215,0.0
125011587,Regents Park,-0.9639762536084184,-0.11741407047925727,-0.5021678081583577,-0.3673844026040524,-0.701264407258429,-1.2733876766224104,-0.7295247519501926,0.0
125011709,Silverwater - Newington,-0.8020577616548927,-0.11728952653931418,-0.5021678081583577,0.4318380497625367,0.0,-0.8503535236179903,-0.07331166243123942,0.0
125011710,Wentworth Point - Sydney Olympic Park,-0.9061482207678735,-0.11678732107902598,-0.7447955185768388,0.6410025874822686,0.0,-0.8872767040547851,0.7135364402789869,0.0
125021478,Oatlands - Dundas Valley,0.030665911248953837,-0.11772853801972713,0.22571532309708564,0.28031260340307185,0.0,-1.1394092790374695,-0.3163535474382591,0.0
125031486,Smithfield Industrial,-0.9292794339040915,1.9223043671527804,-0.9874232289953199,-0.3032089194400438,0.0,0.0,-0.3497718066267243,0.0
125031487,Yennora Industrial,-1.5769534017181943,0.8675095391839731,-0.9874232289953199,-0.6490434676016459,0.0,0.0,-0.7356007990753681,0.0
125031715,Pemulwuy - Greystanes (North),-0.6517048762694759,-0.11672534189346545,-0.5021678081583577,-0.23309126190899732,0.0,0.27527600569801003,0.15454010476284155,0.0
125031716,South Wentworthville,-0.33943349893053354,-0.11814142193179289,-0.7447955185768388,-0.354905836433273,0.0,0.0,-0.4530646077547077,0.0
125041490,North Rocks,-0.1196869741364629,-0.1166674246763948,-0.2595400977398766,-0.20278617263710433,-0.052435442412978005,0.2640935567657237,-0.47129274913023417,0.0
125041494,Winston Hills,0.042231517817062816,-0.11766285276244863,-0.5021678081583577,-0.2883534835224492,-0.3473576991609103,-0.4769019272001233,-0.39230413650295276,0.0
125041718,Parramatta - South,-1.0449354995851814,-0.11827916062592161,-0.7447955185768388,-0.17604638798543407,0.0,-0.6182649608724232,2.5333125542690467,0.0
125041719,Rosehill - Harris Park,-1.0449354995851814,-0.1162951073019764,-0.7447955185768388,-0.030463115993007044,0.0,-0.894661340142144,-0.09457782736935365,0.0
126011720,Epping (East) - North Epping,-0.30473667922620656,-0.11778797752592343,-0.5021678081583577,-0.0797831632394211,0.4194401683837137,-0.21421987209264054,-0.0915398038067659,0.0
126021590,Putney,-1.1490259586981622,-0.1175344243278726,-0.7447955185768388,-0.4196755370339854,1.1862380359283375,-1.1446840190998686,-0.5381292675071646,0.0
126021722,Denistone,-1.218419598106816,-0.11760376820396615,-0.7447955185768388,-0.4333425380781724,0.5374090710828866,-0.7511884104448844,-0.6444600921977357,0.0
126021725,Ryde - South,-1.206853991538707,-0.11835026405565541,-0.5021678081583577,-0.17366951823861893,0.0,0.0,0.10289370419884986,0.0
127011593,Cecil Hills,-1.0333698930170723,-0.11709013798277118,-0.5021678081583577,-0.39947214418605675,0.0,0.682380443713984,-0.31939157100084686,0.0
127011594,Green Valley,-0.3972615317710784,-0.11810620428536253,-0.2595400977398766,-0.27825178709848486,0.0,-0.17940658768080547,-0.6961064927617274,0.0
127011595,Hinchinbrook,-0.5476144171564952,-0.11770518739525876,0.22571532309708564,-0.2479466978265919,-0.8310302002275193,-0.1319339271192122,-0.15837632218369632,0.0
127011596,Hoxton Park - Carnes Hill - Horningsea Park,-0.7904921550867837,-0.11806766208855368,-0.2595400977398766,-0.23190282703558973,0.0,0.11914369985099219,-0.3497718066267243,0.0
127011597,West Hoxton - Middleton Grange,-0.686401695973803,-0.11746041488236406,-0.016912387321395467,-0.010259723145078394,0.0,-0.415714942476292,-0.3285056416886101,0.0
127011726,Cobbitty - Bringelly,-1.0680667127213992,-0.06606432378388073,-0.7447955185768388,-0.4891989771283281,-0.8546239807673538,-1.2311897561232164,-0.6596502100106745,0.0
127011727,Gledswood Hills - Gregory Hills,-0.37413031863486046,-0.11725410104916906,-0.7447955185768388,-0.20159773776369677,0.0,-0.27329696079151217,-0.641422068635148,0.0
127011728,Leppington - Catherine Field,0.4470277477008771,-0.10974419514263169,-0.016912387321395467,-0.11840729662516704,-0.8192333099576019,-1.1552334992246671,-0.2434409819361532,0.0
127011729,Oran Park,-0.8020577616548927,-0.11697486823817459,-0.2595400977398766,-0.10533451301768379,-0.8546239807673538,2.0570831987764775,-0.6809163749487886,0.0
127021512,Cabramatta West - Mount Pritchard,0.8518239775846914,-0.11794769545562617,-0.016912387321395467,-0.1314800802326503,-0.6422799559088426,-0.020109437796348065,-0.10976794518229237,0.0
127021514,Edensor Park,-0.8367545813592197,-0.11780321560210877,-0.5021678081583577,-0.3097453112437854,0.0,-0.6994959578333717,-0.604965785884095,0.0
127021515,Fairfield,-0.37413031863486046,-0.11802850774929718,0.22571532309708564,0.15909224631549998,-0.7897410842828088,0.5242437366432547,-0.45002658419211994,0.0
127021517,Greenfield Park - Prairiewood,-0.5476144171564952,-0.11741253585237686,-0.7447955185768388,-0.43987892988191407,0.0,0.7245783642131784,-0.7264867283876049,0.0
127021518,Horsley Park - Kemps Creek,0.6552086659268388,-0.06645470173315007,-0.7447955185768388,-0.16772734387158109,0.0,-1.5002014993055781,0.8715136655335497,0.0
127021520,St Johns Park - Wakeley,-0.5129175974521683,-0.11764652611667033,-0.5021678081583577,-0.3638190979838297,0.0,-0.38617639812685617,-0.7356007990753681,0.0
